case_id,center,step,mode_label,delta_time_vs_untreated,direct_exposure,natural_site_radius_response,natural_zone_volume_response,collar_volume_response,downstream_volume_response
c14p5,14.5,500,downstream,830.0,0.5833333333333334,0.16897974172235042,63.85496792872698,55.96059696681277,-25.713801732557204
c18p5,18.5,500,downstream,730.0,0.9370014113213578,0.2501153717415392,55.10662688106176,54.60573107730649,-31.732285834793846
c22p5,22.5,500,downstream,660.0,0.5277777777777778,0.11026241428887062,19.918770280315147,40.876104640125845,-25.39819745298131
c26p5,26.5,500,natural,270.0,0.08705484989487669,-0.01181001757756861,-7.034577998996257,37.513075477705726,-20.45884873137004
c30p5,30.5,500,natural,-30.0,0.0,-0.06557720887546603,-18.26634261157368,40.82167340330818,-19.46549834483507
c34p5,34.5,500,natural,-130.0,0.0,-0.04966056943718433,-13.35537948314116,44.23375793900975,-20.031991102471594
c38p5,38.5,500,natural,-120.0,0.0,-0.01868669169835524,-5.249049066440859,45.703739902062495,-20.66151561550934
c64p5,64.5,500,natural,-20.0,0.0,4.192575178807445e-06,-0.0012493846450089816,45.36758856909941,-20.894031680802698
c14p5,14.5,700,downstream,830.0,0.5833333333333334,0.30643833039625323,100.87708113323379,81.297020377971,-28.658257061843084
c18p5,18.5,700,downstream,730.0,0.9370014113213578,0.37878654799495926,87.09832500428384,94.37744997570317,-46.80031465899996
c22p5,22.5,700,downstream,660.0,0.5277777777777778,0.18073702127745217,36.89640597846824,72.41236811949534,-41.793597165032374
c26p5,26.5,700,natural,270.0,0.08705484989487669,0.011608284820132209,-2.7748265661928198,61.09930368994668,-32.8851556049899
c30p5,30.5,700,natural,-30.0,0.0,-0.08252251341283179,-23.72965267463952,62.13880380899369,-28.81028169335312
c34p5,34.5,700,natural,-130.0,0.0,-0.08535682508225717,-22.7647411295602,67.60448525360614,-28.835180094885118
c38p5,38.5,700,natural,-120.0,0.0,-0.0445882990033315,-11.930591507738441,71.48985598062872,-30.012064735441687
c64p5,64.5,700,natural,-20.0,0.0,-0.00019175781044622475,-0.052706303449695305,71.81040873231777,-30.70249593640849
c14p5,14.5,900,downstream,830.0,0.5833333333333334,0.4522074986658704,137.2792257471338,98.66375794458874,-26.40501605883398
c18p5,18.5,900,downstream,730.0,0.9370014113213578,0.5050109916872076,118.60990162814781,134.30764688348432,-58.548446423632406
c22p5,22.5,900,downstream,660.0,0.5277777777777778,0.2647586759186611,55.37231932135368,107.68302945667895,-58.09744412622244
c26p5,26.5,900,natural,270.0,0.08705484989487669,0.042834567878071494,3.5998270175078155,87.24394275830582,-46.54123742064624
c30p5,30.5,900,natural,-30.0,0.0,-0.09084118789378715,-26.923787728461278,83.26008636532242,-38.44663243190923
c34p5,34.5,900,natural,-130.0,0.0,-0.1194895469045183,-31.53146072658271,88.76678853126332,-36.514714705443076
c38p5,38.5,900,natural,-120.0,0.0,-0.07584433948427116,-19.66217041203343,94.9301712075281,-37.69190707046893
c64p5,64.5,900,natural,-20.0,0.0,-0.0008549400213901936,-0.21884463373860835,97.034208377613,-39.13978111475684
c14p5,14.5,1300,downstream,830.0,0.5833333333333334,0.776064640438362,212.71237489538908,121.42067760316421,-14.132538271034717
c18p5,18.5,1300,downstream,730.0,0.9370014113213578,0.8118091887877654,187.50170206172334,220.31226727868489,-79.73992926442588
c22p5,22.5,1300,downstream,660.0,0.5277777777777778,0.4760994212630989,99.26962064432158,192.7366056557803,-93.5788521769646
c26p5,26.5,1300,natural,270.0,0.08705484989487669,0.13587917308038544,20.866139321195092,151.22515114209088,-79.61773432337944
c30p5,30.5,1300,natural,-30.0,0.0,-0.09673151998616736,-31.19288084949947,132.2828566115204,-62.904719815829566
c34p5,34.5,1300,natural,-130.0,0.0,-0.20162910425356184,-50.90234577468072,133.6991966011046,-54.37240771394866
c38p5,38.5,1300,natural,-120.0,0.0,-0.16373987120155697,-39.32136999585782,143.1770238107419,-53.60065106960979
c64p5,64.5,1300,natural,-20.0,0.0,-0.0036865200954232513,-0.9122452844312368,152.6391276829454,-57.488187443414056
c14p5,14.5,1500,downstream,830.0,0.5833333333333334,0.9970108213598035,258.2305718174175,129.67635834336397,-5.439937777438927
c18p5,18.5,1500,downstream,730.0,0.9370014113213578,1.018862491614082,229.67873370945745,272.34164193055767,-92.71110928780399
c22p5,22.5,1500,downstream,660.0,0.5277777777777778,0.6378644737267889,130.42364510693005,246.78290088723588,-115.31646362735776
c26p5,26.5,1500,natural,270.0,0.08705484989487669,0.2306165663091646,37.45520738716003,188.60956527991215,-99.67712680801921
c30p5,30.5,1500,natural,-30.0,0.0,-0.0893299705443018,-31.86148736767064,158.49556431887322,-77.39791885403969
c34p5,34.5,1500,natural,-130.0,0.0,-0.2841323779530873,-66.8059101527324,156.71640159134404,-64.271333147306
c38p5,38.5,1500,natural,-120.0,0.0,-0.2544797916031818,-55.82396668364525,167.275396010562,-61.65252948968558
c64p5,64.5,1500,natural,-20.0,0.0,-0.005908663183382901,-1.4128919778449895,182.89319208535744,-67.4277671825257
