source_label,seed,source_role,m_min,case_id,placement_role,untreated_event_lower,untreated_event_upper,untreated_midpoint,event_lower,event_upper,event_midpoint,paired_shift,paired_interval_lower,paired_interval_upper,normalized_shift,normalized_percent,source_ids
A,2292,exploratory_discovery,0.1,c26p5,intermediate,1690,1700,1695,1980,1990,1985,290,280,300,0.171091445428,17.1091445428,S02
A,2292,exploratory_discovery,0.1,c34p5,outboard,1690,1700,1695,1580,1590,1585,-110,-120,-100,-0.0648967551622,-6.48967551622,S02
B,104729,independent_confirmation,0.1,c26p5,intermediate,1680,1690,1685,1950,1960,1955,270,260,280,0.160237388724,16.0237388724,S03;S04
B,104729,independent_confirmation,0.1,c34p5,outboard,1680,1690,1685,1570,1580,1575,-110,-120,-100,-0.0652818991098,-6.52818991098,S03;S04
C,130363,independent_confirmation,0.1,c26p5,intermediate,1650,1660,1655,1910,1920,1915,260,250,270,0.157099697885,15.7099697885,S03;S04
C,130363,independent_confirmation,0.1,c34p5,outboard,1650,1660,1655,1550,1560,1555,-100,-110,-90,-0.0604229607251,-6.04229607251,S03;S04
B,104729,independent_confirmation,0.3,c26p5_m03,intermediate,1680,1690,1685,1880,1890,1885,200,190,210,0.118694362018,11.8694362018,S15
B,104729,independent_confirmation,0.3,c34p5_m03,outboard,1680,1690,1685,1620,1630,1625,-60,-70,-50,-0.0356083086053,-3.56083086053,S15
C,130363,independent_confirmation,0.3,c26p5_m03,intermediate,1650,1660,1655,1850,1860,1855,200,190,210,0.12084592145,12.084592145,S15
C,130363,independent_confirmation,0.3,c34p5_m03,outboard,1650,1660,1655,1590,1600,1595,-60,-70,-50,-0.036253776435,-3.6253776435,S15
