case_namespace,seed,independence_group,case_id,clock_id,detector_id,event_lower,event_upper,event_midpoint,first_candidate,confirmation,first_sites,minimum_abs_site,maximum_abs_site,failure_mode,delta_vs_paired_untreated,relative_delta_vs_paired_untreated,source_ids
paired_panel,2292,conditioned_source_2292,untreated,production_single_arm,persistent_single_arm_modern,1690,1700,1695,1700,1720,first_wire_z:plus:19.25,19.25,19.25,junction_adjacent,0,0,S01;S03;S04;S14
paired_panel,2292,conditioned_source_2292,c18p5,production_single_arm,persistent_single_arm_modern,2440,2450,2445,2450,2470,first_wire_z:plus:39.5,39.5,39.5,relocated_remote,750,0.4424778761061947,S03;S04
paired_panel,2292,conditioned_source_2292,c26p5,production_single_arm,persistent_single_arm_modern,1980,1990,1985,1990,2010,first_wire_z:plus:17.5,17.5,17.5,junction_adjacent,290,0.1710914454277286,S03;S04
paired_panel,2292,conditioned_source_2292,c34p5,production_single_arm,persistent_single_arm_modern,1580,1590,1585,1590,1610,first_wire_z:plus:18.75,18.75,18.75,junction_adjacent,-110,-0.06489675516224189,S03;S04
paired_panel,104729,conditioned_source_104729,untreated,production_single_arm,persistent_single_arm_modern,1680,1690,1685,1690,1710,first_wire_z:minus:-18.5|first_wire_z:plus:19.25,18.5,19.25,junction_adjacent,0,0,S03;S04
paired_panel,104729,conditioned_source_104729,c18p5,production_single_arm,persistent_single_arm_modern,2440,2450,2445,2450,2470,first_wire_z:plus:39.5,39.5,39.5,relocated_remote,760,0.45103857566765576,S03;S04
paired_panel,104729,conditioned_source_104729,c26p5,production_single_arm,persistent_single_arm_modern,1950,1960,1955,1960,1980,first_wire_z:plus:17.5,17.5,17.5,junction_adjacent,270,0.16023738872403562,S03;S04
paired_panel,104729,conditioned_source_104729,c34p5,production_single_arm,persistent_single_arm_modern,1570,1580,1575,1580,1600,first_wire_z:plus:18.75,18.75,18.75,junction_adjacent,-110,-0.06528189910979229,S03;S04
paired_panel,130363,conditioned_source_130363,untreated,production_single_arm,persistent_single_arm_modern,1650,1660,1655,1660,1680,first_wire_z:minus:-18.75,18.75,18.75,junction_adjacent,0,0,S03;S04
paired_panel,130363,conditioned_source_130363,c18p5,production_single_arm,persistent_single_arm_modern,2420,2430,2425,2430,2450,first_wire_z:plus:39.25,39.25,39.25,relocated_remote,770,0.4652567975830816,S03;S04
paired_panel,130363,conditioned_source_130363,c26p5,production_single_arm,persistent_single_arm_modern,1910,1920,1915,1920,1940,first_wire_z:minus:-16.75,16.75,16.75,junction_adjacent,260,0.15709969788519637,S03;S04
paired_panel,130363,conditioned_source_130363,c34p5,production_single_arm,persistent_single_arm_modern,1550,1560,1555,1560,1580,first_wire_z:minus:-18.0,18.0,18.0,junction_adjacent,-100,-0.06042296072507553,S03;S04
