case_namespace,case_id,role,seed,clock_id,detector_id,center,inner_edge,outer_edge,mobility_factor,event_lower,event_upper,event_midpoint,first_candidate,confirmation,first_wire,first_branch,first_site_signed,first_site_abs,mode_label,delta_vs_untreated,relative_delta_vs_untreated,max_abs_relative_mass_drift,health_passed,source_ids
position_scan,untreated,reference,2292,production_single_arm,persistent_single_arm_modern,,,,1.0,1690,1700,1695,1700,1720,first_wire_z,plus,19.25,19.25,natural,0,0,,,S01;S02;S14
position_scan,c14p5,calibration_anchor,2292,production_single_arm,persistent_single_arm_modern,14.5,8.5,20.5,0.1,2540,2550,2545,2550,2570,first_wire_z,plus,35.5,35.5,downstream,850,0.5014749262536873,0.0000020530323458905014,true,S02;S07
position_scan,c18p5,exploratory_scan,2292,production_single_arm,persistent_single_arm_modern,18.5,12.5,24.5,0.1,2440,2450,2445,2450,2470,first_wire_z,plus,39.5,39.5,downstream,750,0.4424778761061947,0.0000016825474548569938,true,S02
position_scan,c22p5,calibration_anchor,2292,production_single_arm,persistent_single_arm_modern,22.5,16.5,28.5,0.1,2370,2380,2375,2380,2400,first_wire_z,plus,43.0,43.0,downstream,680,0.40117994100294985,0.0000011292491731278949,true,S02
position_scan,c26p5,exploratory_scan,2292,production_single_arm,persistent_single_arm_modern,26.5,20.5,32.5,0.1,1980,1990,1985,1990,2010,first_wire_z,plus,17.5,17.5,natural,290,0.1710914454277286,0.000002049085153518161,true,S02
position_scan,c30p5,exploratory_scan,2292,production_single_arm,persistent_single_arm_modern,30.5,24.5,36.5,0.1,1680,1690,1685,1690,1710,first_wire_z,plus,18.0,18.0,natural,-10,-0.0058997050147492625,0.0000014960991815344304,true,S02
position_scan,c34p5,exploratory_scan,2292,production_single_arm,persistent_single_arm_modern,34.5,28.5,40.5,0.1,1580,1590,1585,1590,1610,first_wire_z,plus,18.75,18.75,natural,-110,-0.06489675516224189,0.0000011270752259209882,true,S02
position_scan,c38p5,exploratory_scan,2292,production_single_arm,persistent_single_arm_modern,38.5,32.5,44.5,0.1,1590,1600,1595,1600,1620,first_wire_z,plus,19.25,19.25,natural,-100,-0.058997050147492625,0.0000005667595451323952,true,S02
position_scan,c64p5,calibration_anchor,2292,production_single_arm,persistent_single_arm_modern,64.5,58.5,70.5,0.1,1690,1700,1695,1700,1720,first_wire_z,plus,19.25,19.25,natural,0,0,0.0000026068903009647336,true,S02
