seed,source_role,case_id,step,wire,branch,physical_outward_current_at_inner_boundary,physical_outward_current_at_outer_boundary,spectral_axial_control_volume_rate,spectral_transverse_control_volume_rate,spectral_periodic_x_control_volume_rate,predicted_natural_zone_volume_rate,observed_centered_natural_zone_volume_rate,continuity_sign_agrees,relative_magnitude_error
104729,confirmation_source_B,untreated,1300,first_wire_z,minus,-0.16431106636692405,0.042557201413358836,-0.206418567910797,-0.04054562143086575,0.0,-0.24696418934166275,-0.24798152891191422,True,0.004102481240096045
104729,confirmation_source_B,untreated,1300,first_wire_z,plus,-0.16233520178419614,0.042355334923403376,-0.2042888224203608,-0.04081332204470095,0.0,-0.24510214446506176,-0.24617116314562737,True,0.00434258288787956
104729,confirmation_source_B,untreated,1300,second_wire_y,minus,-0.14292286286109435,0.04010864888493315,-0.18278067709994364,-0.03860676947728407,0.0,-0.2213874465772277,-0.2218971685244469,True,0.0022971088392371862
104729,confirmation_source_B,untreated,1300,second_wire_y,plus,-0.14186949581456043,0.036108304683371006,-0.17763687120963106,-0.038979222721716736,0.0,-0.2166160939313478,-0.2169918600123492,True,0.0017317058850965293
130363,confirmation_source_C,untreated,1300,first_wire_z,minus,-0.1706942843462187,0.04556207280534741,-0.2157832840598956,-0.04028087870109763,0.0,-0.25606416276099325,-0.2574304141185712,True,0.005307264731154351
130363,confirmation_source_C,untreated,1300,first_wire_z,plus,-0.164281241796445,0.04013937530120043,-0.204044955405497,-0.041473163605318095,0.0,-0.2455181190108151,-0.24656941047491274,True,0.0042636735111332685
130363,confirmation_source_C,untreated,1300,second_wire_y,minus,-0.14292525399753853,0.03699019033627571,-0.17991287551948748,-0.03843607586538868,0.0,-0.21834895138487614,-0.21881960899801925,True,0.0021508932188402064
130363,confirmation_source_C,untreated,1300,second_wire_y,plus,-0.13816888635167945,0.037101887911425546,-0.17506758207988976,-0.03858737689275744,0.0,-0.2136549589726472,-0.21402009790443116,True,0.0017060964617772489
104729,confirmation_source_B,c26p5,1300,first_wire_z,minus,-0.08289590262125213,0.05985302159478911,-0.14227177118266104,-0.03619911422721649,0.0,-0.17847088540987754,-0.1784335755961365,True,0.0002090963744709042
104729,confirmation_source_B,c26p5,1300,first_wire_z,plus,-0.0788214008779331,0.05960547754859924,-0.137988299661748,-0.03672411665470292,0.0,-0.1747124163164509,-0.17474552487285108,True,0.00018946726346365895
104729,confirmation_source_B,c26p5,1300,second_wire_y,minus,-0.06811910948813527,0.06132287763360189,-0.12947053817721407,-0.034587953899792294,0.0,-0.16405849207700637,-0.16414032743807183,True,0.0004985695005167645
104729,confirmation_source_B,c26p5,1300,second_wire_y,plus,-0.06723935885931098,0.05935871597549891,-0.12635469426553314,-0.03505157312010852,0.0,-0.16140626738564168,-0.16136140491609693,True,0.00027802478274200807
130363,confirmation_source_C,c26p5,1300,first_wire_z,minus,-0.08553007045929739,0.0602755765930203,-0.14530903175618934,-0.03588381516974507,0.0,-0.1811928469259344,-0.18123964739759685,True,0.00025822424802987885
130363,confirmation_source_C,c26p5,1300,first_wire_z,plus,-0.08200859704939512,0.05805338578709929,-0.13963134751995898,-0.037296164367681565,0.0,-0.17692751188764055,-0.17696191894385266,True,0.0001944319795889049
130363,confirmation_source_C,c26p5,1300,second_wire_y,minus,-0.06832593370114469,0.06007613792314048,-0.1283505425555574,-0.03436596046723005,0.0,-0.16271650302278745,-0.16272922112926608,True,7.815502581754247e-05
130363,confirmation_source_C,c26p5,1300,second_wire_y,plus,-0.06436554478145773,0.059818415887250787,-0.12397617965358446,-0.034789361340913844,0.0,-0.1587655409944983,-0.15890143713128055,True,0.0008552228301747487
104729,confirmation_source_B,c34p5,1300,first_wire_z,minus,-0.146907841648674,0.11603692396328247,-0.2624013163965975,-0.04674813262338959,0.0,-0.3091494490199871,-0.3119106933052535,True,0.008852675924656765
104729,confirmation_source_B,c34p5,1300,first_wire_z,plus,-0.14450388624161287,0.11615679804385629,-0.2601539556786512,-0.04752573588173079,0.0,-0.307679691560382,-0.3105865606217412,True,0.009359287972860689
104729,confirmation_source_B,c34p5,1300,second_wire_y,minus,-0.12175366242940017,0.11005279453463324,-0.23181864823343812,-0.0450436327295477,0.0,-0.2768622809629858,-0.27803919160825896,True,0.004232894788916457
104729,confirmation_source_B,c34p5,1300,second_wire_y,plus,-0.12031870695116575,0.10576688011909363,-0.22604543201620014,-0.04551274272046549,0.0,-0.27155817473666566,-0.27271485456061784,True,0.004241352477171633
130363,confirmation_source_C,c34p5,1300,first_wire_z,minus,-0.15486024058541226,0.12076410201633614,-0.275074746168547,-0.04629909275820772,0.0,-0.3213738389267547,-0.32513728743506365,True,0.011574952039484516
130363,confirmation_source_C,c34p5,1300,first_wire_z,plus,-0.146188925188413,0.11299239577399939,-0.25869729850500167,-0.048490472188255015,0.0,-0.3071877706932567,-0.30992022180609635,True,0.00881662737886535
130363,confirmation_source_C,c34p5,1300,second_wire_y,minus,-0.12223211670383627,0.10775454031062282,-0.2296393925616935,-0.04461544257070378,0.0,-0.2742548351323973,-0.2754564708928228,True,0.004362343554793738
130363,confirmation_source_C,c34p5,1300,second_wire_y,plus,-0.11637255602332353,0.10597780081765218,-0.2219058321837115,-0.04539977416069822,0.0,-0.2673056063444097,-0.2682998411825974,True,0.00370568552633274
